{"cameraMode":{"drawMode":0,"name":"Shaded","section":"Shading Mode"},"sceneLighting":true,"audioPlay":false,"sceneViewState":{"m_AlwaysRefresh":false,"showFog":true,"showSkybox":true,"showFlares":true,"showImageEffects":true,"showParticleSystems":true,"showVisualEffectGraphs":true,"m_FxEnabled":true},"in2DMode":false,"pivot":{"x":-0.02732229232788086,"y":0.07926392555236817,"z":-0.02732229232788086},"rotation":{"x":-0.08493497222661972,"y":0.9008370041847229,"z":-0.20505118370056153,"w":-0.37313884496688845},"size":3.674212694168091,"orthographic":false}